"תחנה","תאריך ושעה (שעון עולמי)","לחות יחסית (%)","טמפרטורה (C°)"
"ירושלים, גבעת רם","23/02/2026 00:00","69","8.2"
"ירושלים, מרכז","23/02/2026 00:00","68","9.5"
"תל-אביב, חוף","23/02/2026 00:00","79","14.5"
"ירושלים, גבעת רם","23/02/2026 00:10","70","8.2"
"ירושלים, מרכז","23/02/2026 00:10","70","9.5"
"תל-אביב, חוף","23/02/2026 00:10","79","14.4"
"ירושלים, גבעת רם","23/02/2026 00:20","72","8.2"
"ירושלים, מרכז","23/02/2026 00:20","72","9.4"
"תל-אביב, חוף","23/02/2026 00:20","79","14.3"
"ירושלים, גבעת רם","23/02/2026 00:30","73","7.9"
"ירושלים, מרכז","23/02/2026 00:30","75","9.4"
"תל-אביב, חוף","23/02/2026 00:30","79","14.1"
"ירושלים, גבעת רם","23/02/2026 00:40","75","7.7"
"ירושלים, מרכז","23/02/2026 00:40","76","9.4"
"תל-אביב, חוף","23/02/2026 00:40","80","14"
"ירושלים, גבעת רם","23/02/2026 00:50","77","7.6"
"ירושלים, מרכז","23/02/2026 00:50","76","9.3"
"תל-אביב, חוף","23/02/2026 00:50","80","13.9"
"ירושלים, גבעת רם","23/02/2026 01:00","78","7.6"
"ירושלים, מרכז","23/02/2026 01:00","78","9.3"
"תל-אביב, חוף","23/02/2026 01:00","80","13.9"
"ירושלים, גבעת רם","23/02/2026 01:10","78","7.4"
"ירושלים, מרכז","23/02/2026 01:10","79","9.2"
"תל-אביב, חוף","23/02/2026 01:10","80","13.8"
"ירושלים, גבעת רם","23/02/2026 01:20","79","7.4"
"ירושלים, מרכז","23/02/2026 01:20","81","9.2"
"תל-אביב, חוף","23/02/2026 01:20","80","13.8"
"ירושלים, גבעת רם","23/02/2026 01:30","81","7.5"
"ירושלים, מרכז","23/02/2026 01:30","83","9.2"
"תל-אביב, חוף","23/02/2026 01:30","79","13.7"
"ירושלים, גבעת רם","23/02/2026 01:40","82","7.6"
"ירושלים, מרכז","23/02/2026 01:40","85","9.2"
"תל-אביב, חוף","23/02/2026 01:40","79","13.6"
"ירושלים, גבעת רם","23/02/2026 01:50","83","7.7"
"ירושלים, מרכז","23/02/2026 01:50","85","9.1"
"תל-אביב, חוף","23/02/2026 01:50","79","13.5"
"ירושלים, גבעת רם","23/02/2026 02:00","84","7.7"
"ירושלים, מרכז","23/02/2026 02:00","85","9.1"
"תל-אביב, חוף","23/02/2026 02:00","79","13.3"
"ירושלים, גבעת רם","23/02/2026 02:10","85","7.5"
"ירושלים, מרכז","23/02/2026 02:10","84","9.1"
"תל-אביב, חוף","23/02/2026 02:10","78","13.2"
"ירושלים, גבעת רם","23/02/2026 02:20","85","7.5"
"ירושלים, מרכז","23/02/2026 02:20","83","9.2"
"תל-אביב, חוף","23/02/2026 02:20","78","13.2"
"ירושלים, גבעת רם","23/02/2026 02:30","86","7.4"
"ירושלים, מרכז","23/02/2026 02:30","82","9.2"
"תל-אביב, חוף","23/02/2026 02:30","77","13.1"
"ירושלים, גבעת רם","23/02/2026 02:40","87","7.5"
"ירושלים, מרכז","23/02/2026 02:40","81","9.2"
"תל-אביב, חוף","23/02/2026 02:40","77","13.1"
"ירושלים, גבעת רם","23/02/2026 02:50","86","7.5"
"ירושלים, מרכז","23/02/2026 02:50","81","9.1"
"תל-אביב, חוף","23/02/2026 02:50","77","13.1"
"ירושלים, גבעת רם","23/02/2026 03:00","85","7.6"
"ירושלים, מרכז","23/02/2026 03:00","81","9.2"
"תל-אביב, חוף","23/02/2026 03:00","77","13.1"
"ירושלים, גבעת רם","23/02/2026 03:10","84","7.6"
"ירושלים, מרכז","23/02/2026 03:10","81","9.2"
"תל-אביב, חוף","23/02/2026 03:10","77","13"
"ירושלים, גבעת רם","23/02/2026 03:20","83","7.4"
"ירושלים, מרכז","23/02/2026 03:20","82","9.2"
"תל-אביב, חוף","23/02/2026 03:20","77","13"
"ירושלים, גבעת רם","23/02/2026 03:30","84","7.2"
"ירושלים, מרכז","23/02/2026 03:30","82","9.1"
"תל-אביב, חוף","23/02/2026 03:30","76","13"
"ירושלים, גבעת רם","23/02/2026 03:40","85","7.3"
"ירושלים, מרכז","23/02/2026 03:40","82","9"
"תל-אביב, חוף","23/02/2026 03:40","76","13"
"ירושלים, גבעת רם","23/02/2026 03:50","85","7.6"
"ירושלים, מרכז","23/02/2026 03:50","82","9"
"תל-אביב, חוף","23/02/2026 03:50","75","13"
"ירושלים, גבעת רם","23/02/2026 04:00","84","7.9"
"ירושלים, מרכז","23/02/2026 04:00","82","8.9"
"תל-אביב, חוף","23/02/2026 04:00","74","13.1"
"ירושלים, גבעת רם","23/02/2026 04:10","84","7.7"
"ירושלים, מרכז","23/02/2026 04:10","83","8.9"
"תל-אביב, חוף","23/02/2026 04:10","73","13.2"
"ירושלים, גבעת רם","23/02/2026 04:20","85","7.8"
"ירושלים, מרכז","23/02/2026 04:20","84","8.9"
"תל-אביב, חוף","23/02/2026 04:20","72","13.3"
"ירושלים, גבעת רם","23/02/2026 04:30","86","7.9"
"ירושלים, מרכז","23/02/2026 04:30","84","8.9"
"תל-אביב, חוף","23/02/2026 04:30","72","13.4"
"ירושלים, גבעת רם","23/02/2026 04:40","86","8.1"
"ירושלים, מרכז","23/02/2026 04:40","83","9.1"
"תל-אביב, חוף","23/02/2026 04:40","72","13.5"
"ירושלים, גבעת רם","23/02/2026 04:50","85","8.6"
"ירושלים, מרכז","23/02/2026 04:50","82","9.4"
"תל-אביב, חוף","23/02/2026 04:50","72","13.6"
"ירושלים, גבעת רם","23/02/2026 05:00","81","9.2"
"ירושלים, מרכז","23/02/2026 05:00","80","9.8"
"תל-אביב, חוף","23/02/2026 05:00","71","13.9"
"ירושלים, גבעת רם","23/02/2026 05:10","81","9.1"
"ירושלים, מרכז","23/02/2026 05:10","77","10.2"
"תל-אביב, חוף","23/02/2026 05:10","70","14.2"
"ירושלים, גבעת רם","23/02/2026 05:20","79","9.3"
"ירושלים, מרכז","23/02/2026 05:20","72","10.6"
"תל-אביב, חוף","23/02/2026 05:20","70","14.3"
"ירושלים, גבעת רם","23/02/2026 05:30","74","9.8"
"ירושלים, מרכז","23/02/2026 05:30","66","11"
"תל-אביב, חוף","23/02/2026 05:30","70","14.6"
"ירושלים, גבעת רם","23/02/2026 05:40","65","10.5"
"ירושלים, מרכז","23/02/2026 05:40","64","11.5"
"תל-אביב, חוף","23/02/2026 05:40","70","15"
"ירושלים, גבעת רם","23/02/2026 05:50","62","11.1"
"ירושלים, מרכז","23/02/2026 05:50","68","12"
"תל-אביב, חוף","23/02/2026 05:50","69","15.2"
"ירושלים, גבעת רם","23/02/2026 06:00","63","11.6"
"ירושלים, מרכז","23/02/2026 06:00","66","12.4"
"תל-אביב, חוף","23/02/2026 06:00","67","15.6"
"ירושלים, גבעת רם","23/02/2026 06:10","59","11.8"
"ירושלים, מרכז","23/02/2026 06:10","67","12.4"
"תל-אביב, חוף","23/02/2026 06:10","67","15.9"
"ירושלים, גבעת רם","23/02/2026 06:20","57","12.1"
"ירושלים, מרכז","23/02/2026 06:20","67","12.5"
"תל-אביב, חוף","23/02/2026 06:20","66","16.1"
"ירושלים, גבעת רם","23/02/2026 06:30","61","12.1"
"ירושלים, מרכז","23/02/2026 06:30","65","12.8"
"תל-אביב, חוף","23/02/2026 06:30","66","16.3"
"ירושלים, גבעת רם","23/02/2026 06:40","61","11.9"
"ירושלים, מרכז","23/02/2026 06:40","62","13.2"
"תל-אביב, חוף","23/02/2026 06:40","65","16.6"
"ירושלים, גבעת רם","23/02/2026 06:50","59","12"
"ירושלים, מרכז","23/02/2026 06:50","59","13.4"
"תל-אביב, חוף","23/02/2026 06:50","65","16.7"
"ירושלים, גבעת רם","23/02/2026 07:00","58","12.3"
"ירושלים, מרכז","23/02/2026 07:00","57","13.7"
"תל-אביב, חוף","23/02/2026 07:00","64","16.7"
"ירושלים, גבעת רם","23/02/2026 07:10","58","12.3"
"ירושלים, מרכז","23/02/2026 07:10","55","13.7"
"תל-אביב, חוף","23/02/2026 07:10","64","16.9"
"ירושלים, גבעת רם","23/02/2026 07:20","56","12.4"
"ירושלים, מרכז","23/02/2026 07:20","53","13.8"
"תל-אביב, חוף","23/02/2026 07:20","62","17.1"
"ירושלים, גבעת רם","23/02/2026 07:30","56","12.5"
"ירושלים, מרכז","23/02/2026 07:30","52","14"
"תל-אביב, חוף","23/02/2026 07:30","60","17.4"
"ירושלים, גבעת רם","23/02/2026 07:40","56","12.2"
"ירושלים, מרכז","23/02/2026 07:40","54","13.5"
"תל-אביב, חוף","23/02/2026 07:40","60","17.5"
"ירושלים, גבעת רם","23/02/2026 07:50","55","12.5"
"ירושלים, מרכז","23/02/2026 07:50","53","13.9"
"תל-אביב, חוף","23/02/2026 07:50","59","17.5"
"ירושלים, גבעת רם","23/02/2026 08:00","55","12.5"
"ירושלים, מרכז","23/02/2026 08:00","51","14.3"
"תל-אביב, חוף","23/02/2026 08:00","57","17.8"
"ירושלים, גבעת רם","23/02/2026 08:10","54","13.2"
"ירושלים, מרכז","23/02/2026 08:10","50","14.6"
"תל-אביב, חוף","23/02/2026 08:10","59","18.2"
"ירושלים, גבעת רם","23/02/2026 08:20","55","12.7"
"ירושלים, מרכז","23/02/2026 08:20","50","14.8"
"תל-אביב, חוף","23/02/2026 08:20","65","18.1"
"ירושלים, גבעת רם","23/02/2026 08:30","56","12.5"
"ירושלים, מרכז","23/02/2026 08:30","51","14.3"
"תל-אביב, חוף","23/02/2026 08:30","65","17.9"
"ירושלים, גבעת רם","23/02/2026 08:40","55","12.5"
"ירושלים, מרכז","23/02/2026 08:40","53","13.5"
"תל-אביב, חוף","23/02/2026 08:40","64","18.1"
"ירושלים, גבעת רם","23/02/2026 08:50","53","12.5"
"ירושלים, מרכז","23/02/2026 08:50","53","13.3"
"תל-אביב, חוף","23/02/2026 08:50","61","18"
"ירושלים, גבעת רם","23/02/2026 09:00","53","12.6"
"ירושלים, מרכז","23/02/2026 09:00","52","13.6"
"תל-אביב, חוף","23/02/2026 09:00","67","18"
"ירושלים, גבעת רם","23/02/2026 09:10","55","12.6"
"ירושלים, מרכז","23/02/2026 09:10","52","13.4"
"תל-אביב, חוף","23/02/2026 09:10","68","17.6"
"ירושלים, גבעת רם","23/02/2026 09:20","57","12.7"
"ירושלים, מרכז","23/02/2026 09:20","53","13.4"
"תל-אביב, חוף","23/02/2026 09:20","69","17.7"
"ירושלים, גבעת רם","23/02/2026 09:30","58","12.6"
"ירושלים, מרכז","23/02/2026 09:30","55","13.6"
"תל-אביב, חוף","23/02/2026 09:30","70","17.8"
"ירושלים, גבעת רם","23/02/2026 09:40","60","12.3"
"ירושלים, מרכז","23/02/2026 09:40","55","13.8"
"תל-אביב, חוף","23/02/2026 09:40","66","17.9"
"ירושלים, גבעת רם","23/02/2026 09:50","62","12.1"
"ירושלים, מרכז","23/02/2026 09:50","57","13.6"
"תל-אביב, חוף","23/02/2026 09:50","68","17.9"
"ירושלים, גבעת רם","23/02/2026 10:00","62","12.4"
"ירושלים, מרכז","23/02/2026 10:00","57","13.3"
"תל-אביב, חוף","23/02/2026 10:00","67","17.9"
"ירושלים, גבעת רם","23/02/2026 10:10","62","12.4"
"ירושלים, מרכז","23/02/2026 10:10","60","13.2"
"תל-אביב, חוף","23/02/2026 10:10","63","17.8"
"ירושלים, גבעת רם","23/02/2026 10:20","62","12.1"
"ירושלים, מרכז","23/02/2026 10:20","60","13"
"תל-אביב, חוף","23/02/2026 10:20","66","17.9"
"ירושלים, גבעת רם","23/02/2026 10:30","69","11.6"
"ירושלים, מרכז","23/02/2026 10:30","63","12.8"
"תל-אביב, חוף","23/02/2026 10:30","67","17.7"
"ירושלים, גבעת רם","23/02/2026 10:40","70","11.2"
"ירושלים, מרכז","23/02/2026 10:40","67","12.3"
"תל-אביב, חוף","23/02/2026 10:40","64","17.6"
"ירושלים, גבעת רם","23/02/2026 10:50","69","11.4"
"ירושלים, מרכז","23/02/2026 10:50","63","12.3"
"תל-אביב, חוף","23/02/2026 10:50","64","17.6"
"ירושלים, גבעת רם","23/02/2026 11:00","67","11.8"
"ירושלים, מרכז","23/02/2026 11:00","62","12.3"
"תל-אביב, חוף","23/02/2026 11:00","65","17.5"
"ירושלים, גבעת רם","23/02/2026 11:10","73","11.4"
"ירושלים, מרכז","23/02/2026 11:10","64","12.6"
"תל-אביב, חוף","23/02/2026 11:10","66","17.5"
"ירושלים, גבעת רם","23/02/2026 11:20","81","10.5"
"ירושלים, מרכז","23/02/2026 11:20","76","11.8"
"תל-אביב, חוף","23/02/2026 11:20","69","17.5"
"ירושלים, גבעת רם","23/02/2026 11:30","82","9.9"
"ירושלים, מרכז","23/02/2026 11:30","80","11"
"תל-אביב, חוף","23/02/2026 11:30","69","17.7"
"ירושלים, גבעת רם","23/02/2026 11:40","83","9.8"
"ירושלים, מרכז","23/02/2026 11:40","79","10.6"
"תל-אביב, חוף","23/02/2026 11:40","67","17.7"
"ירושלים, גבעת רם","23/02/2026 11:50","78","10.2"
"ירושלים, מרכז","23/02/2026 11:50","77","10.5"
"תל-אביב, חוף","23/02/2026 11:50","68","17.8"
"ירושלים, גבעת רם","23/02/2026 12:00","73","10.5"
"ירושלים, מרכז","23/02/2026 12:00","71","11.2"
"תל-אביב, חוף","23/02/2026 12:00","67","17.8"
"ירושלים, גבעת רם","23/02/2026 12:10","67","11"
"ירושלים, מרכז","23/02/2026 12:10","67","11.7"
"תל-אביב, חוף","23/02/2026 12:10","65","18"
"ירושלים, גבעת רם","23/02/2026 12:20","61","11.4"
"ירושלים, מרכז","23/02/2026 12:20","62","11.8"
"תל-אביב, חוף","23/02/2026 12:20","64","18.1"
"ירושלים, גבעת רם","23/02/2026 12:30","63","11.5"
"ירושלים, מרכז","23/02/2026 12:30","59","12.5"
"תל-אביב, חוף","23/02/2026 12:30","64","18.1"
"ירושלים, גבעת רם","23/02/2026 12:40","63","11.6"
"ירושלים, מרכז","23/02/2026 12:40","61","12.5"
"תל-אביב, חוף","23/02/2026 12:40","62","18"
"ירושלים, גבעת רם","23/02/2026 12:50","64","11.5"
"ירושלים, מרכז","23/02/2026 12:50","59","12.9"
"תל-אביב, חוף","23/02/2026 12:50","64","18.1"
"ירושלים, גבעת רם","23/02/2026 13:00","65","11.5"
"ירושלים, מרכז","23/02/2026 13:00","61","13.1"
"תל-אביב, חוף","23/02/2026 13:00","70","17.4"
"ירושלים, גבעת רם","23/02/2026 13:10","64","11.5"
"ירושלים, מרכז","23/02/2026 13:10","62","12.7"
"תל-אביב, חוף","23/02/2026 13:10","72","16.8"
"ירושלים, גבעת רם","23/02/2026 13:20","61","11.7"
"ירושלים, מרכז","23/02/2026 13:20","59","12.7"
"תל-אביב, חוף","23/02/2026 13:20","72","16.8"
"ירושלים, גבעת רם","23/02/2026 13:30","60","11.7"
"ירושלים, מרכז","23/02/2026 13:30","56","12.9"
"תל-אביב, חוף","23/02/2026 13:30","72","16.9"
"ירושלים, גבעת רם","23/02/2026 13:40","61","11.6"
"ירושלים, מרכז","23/02/2026 13:40","56","12.6"
"תל-אביב, חוף","23/02/2026 13:40","71","16.7"
"ירושלים, גבעת רם","23/02/2026 13:50","63","11.4"
"ירושלים, מרכז","23/02/2026 13:50","60","12.5"
"תל-אביב, חוף","23/02/2026 13:50","73","16.5"
"ירושלים, גבעת רם","23/02/2026 14:00","66","11.3"
"ירושלים, מרכז","23/02/2026 14:00","63","12.2"
"תל-אביב, חוף","23/02/2026 14:00","73","16.5"
"ירושלים, גבעת רם","23/02/2026 14:10","67","11.2"
"ירושלים, מרכז","23/02/2026 14:10","64","11.8"
"תל-אביב, חוף","23/02/2026 14:10","74","16.4"
"ירושלים, גבעת רם","23/02/2026 14:20","67","11"
"ירושלים, מרכז","23/02/2026 14:20","63","11.8"
"תל-אביב, חוף","23/02/2026 14:20","75","16.3"
"ירושלים, גבעת רם","23/02/2026 14:30","64","11.2"
"ירושלים, מרכז","23/02/2026 14:30","64","11.8"
"תל-אביב, חוף","23/02/2026 14:30","76","16.3"
"ירושלים, גבעת רם","23/02/2026 14:40","60","11.2"
"ירושלים, מרכז","23/02/2026 14:40","64","11.9"
"תל-אביב, חוף","23/02/2026 14:40","76","16.3"
"ירושלים, גבעת רם","23/02/2026 14:50","62","11"
"ירושלים, מרכז","23/02/2026 14:50","65","11.9"
"תל-אביב, חוף","23/02/2026 14:50","77","16.3"
"ירושלים, גבעת רם","23/02/2026 15:00","64","10.9"
"ירושלים, מרכז","23/02/2026 15:00","60","11.5"
"תל-אביב, חוף","23/02/2026 15:00","76","16.2"
"ירושלים, גבעת רם","23/02/2026 15:10","67","10.5"
"ירושלים, מרכז","23/02/2026 15:10","63","11.2"
"תל-אביב, חוף","23/02/2026 15:10","76","16.3"
"ירושלים, גבעת רם","23/02/2026 15:20","70","10.3"
"ירושלים, מרכז","23/02/2026 15:20","67","11"
"תל-אביב, חוף","23/02/2026 15:20","76","16.3"
"ירושלים, גבעת רם","23/02/2026 15:30","73","10"
"ירושלים, מרכז","23/02/2026 15:30","70","10.8"
"תל-אביב, חוף","23/02/2026 15:30","75","16.2"
"ירושלים, גבעת רם","23/02/2026 15:40","76","9.8"
"ירושלים, מרכז","23/02/2026 15:40","73","10.7"
"תל-אביב, חוף","23/02/2026 15:40","75","16.1"
"ירושלים, גבעת רם","23/02/2026 15:50","79","9.6"
"ירושלים, מרכז","23/02/2026 15:50","75","10.5"
"תל-אביב, חוף","23/02/2026 15:50","74","16"
"ירושלים, גבעת רם","23/02/2026 16:00","81","9.5"
"ירושלים, מרכז","23/02/2026 16:00","78","10.4"
"תל-אביב, חוף","23/02/2026 16:00","73","15.9"
"ירושלים, גבעת רם","23/02/2026 16:10","83","9.4"
"ירושלים, מרכז","23/02/2026 16:10","80","10.3"
"תל-אביב, חוף","23/02/2026 16:10","73","15.9"
"ירושלים, גבעת רם","23/02/2026 16:20","85","9.3"
"ירושלים, מרכז","23/02/2026 16:20","83","10.1"
"תל-אביב, חוף","23/02/2026 16:20","73","15.9"
"ירושלים, גבעת רם","23/02/2026 16:30","86","9.2"
"ירושלים, מרכז","23/02/2026 16:30","81","10"
"תל-אביב, חוף","23/02/2026 16:30","73","15.8"
"ירושלים, גבעת רם","23/02/2026 16:40","86","9.1"
"ירושלים, מרכז","23/02/2026 16:40","81","10"
"תל-אביב, חוף","23/02/2026 16:40","72","16"
"ירושלים, גבעת רם","23/02/2026 16:50","86","9"
"ירושלים, מרכז","23/02/2026 16:50","83","10"
"תל-אביב, חוף","23/02/2026 16:50","71","16.1"
"ירושלים, גבעת רם","23/02/2026 17:00","88","9"
"ירושלים, מרכז","23/02/2026 17:00","85","9.8"
"תל-אביב, חוף","23/02/2026 17:00","72","16.2"
"ירושלים, גבעת רם","23/02/2026 17:10","90","8.9"
"ירושלים, מרכז","23/02/2026 17:10","87","9.7"
"תל-אביב, חוף","23/02/2026 17:10","73","16.2"
"ירושלים, גבעת רם","23/02/2026 17:20","90","8.9"
"ירושלים, מרכז","23/02/2026 17:20","86","9.7"
"תל-אביב, חוף","23/02/2026 17:20","74","16"
"ירושלים, גבעת רם","23/02/2026 17:30","90","8.9"
"ירושלים, מרכז","23/02/2026 17:30","86","9.7"
"תל-אביב, חוף","23/02/2026 17:30","73","15.7"
"ירושלים, גבעת רם","23/02/2026 17:40","90","8.9"
"ירושלים, מרכז","23/02/2026 17:40","87","9.6"
"תל-אביב, חוף","23/02/2026 17:40","74","15.6"
"ירושלים, גבעת רם","23/02/2026 17:50","90","8.9"
"ירושלים, מרכז","23/02/2026 17:50","86","9.5"
"תל-אביב, חוף","23/02/2026 17:50","75","15.5"
"ירושלים, גבעת רם","23/02/2026 18:00","90","8.8"
"ירושלים, מרכז","23/02/2026 18:00","86","9.5"
"תל-אביב, חוף","23/02/2026 18:00","76","15.7"
"ירושלים, גבעת רם","23/02/2026 18:10","91","8.6"
"ירושלים, מרכז","23/02/2026 18:10","86","9.5"
"תל-אביב, חוף","23/02/2026 18:10","76","15.7"
"ירושלים, גבעת רם","23/02/2026 18:20","92","8.5"
"ירושלים, מרכז","23/02/2026 18:20","85","9.4"
"תל-אביב, חוף","23/02/2026 18:20","77","15.5"
"ירושלים, גבעת רם","23/02/2026 18:30","92","8.4"
"ירושלים, מרכז","23/02/2026 18:30","86","9.4"
"תל-אביב, חוף","23/02/2026 18:30","77","15.5"
"ירושלים, גבעת רם","23/02/2026 18:40","92","8.4"
"ירושלים, מרכז","23/02/2026 18:40","86","9.4"
"תל-אביב, חוף","23/02/2026 18:40","78","15.5"
"ירושלים, גבעת רם","23/02/2026 18:50","92","8.3"
"ירושלים, מרכז","23/02/2026 18:50","87","9.3"
"תל-אביב, חוף","23/02/2026 18:50","79","15.4"
"ירושלים, גבעת רם","23/02/2026 19:00","93","8.3"
"ירושלים, מרכז","23/02/2026 19:00","90","9.1"
"תל-אביב, חוף","23/02/2026 19:00","79","15.5"
"ירושלים, גבעת רם","23/02/2026 19:10","92","8.2"
"ירושלים, מרכז","23/02/2026 19:10","90","9.1"
"תל-אביב, חוף","23/02/2026 19:10","79","15.6"
"ירושלים, גבעת רם","23/02/2026 19:20","92","8.2"
"ירושלים, מרכז","23/02/2026 19:20","90","8.9"
"תל-אביב, חוף","23/02/2026 19:20","79","15.5"
"ירושלים, גבעת רם","23/02/2026 19:30","91","8.2"
"ירושלים, מרכז","23/02/2026 19:30","89","8.9"
"תל-אביב, חוף","23/02/2026 19:30","80","15.5"
"ירושלים, גבעת רם","23/02/2026 19:40","90","8.2"
"ירושלים, מרכז","23/02/2026 19:40","89","8.8"
"תל-אביב, חוף","23/02/2026 19:40","81","15.4"
"ירושלים, גבעת רם","23/02/2026 19:50","90","8.2"
"ירושלים, מרכז","23/02/2026 19:50","89","8.8"
"תל-אביב, חוף","23/02/2026 19:50","80","15.3"
"ירושלים, גבעת רם","23/02/2026 20:00","89","8.3"
"ירושלים, מרכז","23/02/2026 20:00","88","8.8"
"תל-אביב, חוף","23/02/2026 20:00","80","15.2"
"ירושלים, גבעת רם","23/02/2026 20:10","87","8.4"
"ירושלים, מרכז","23/02/2026 20:10","88","8.9"
"תל-אביב, חוף","23/02/2026 20:10","81","14.9"
"ירושלים, גבעת רם","23/02/2026 20:20","86","8.4"
"ירושלים, מרכז","23/02/2026 20:20","89","9"
"תל-אביב, חוף","23/02/2026 20:20","82","14.5"
"ירושלים, גבעת רם","23/02/2026 20:30","86","8.4"
"ירושלים, מרכז","23/02/2026 20:30","88","8.9"
"תל-אביב, חוף","23/02/2026 20:30","82","14.4"
"ירושלים, גבעת רם","23/02/2026 20:40","87","8.5"
"ירושלים, מרכז","23/02/2026 20:40","89","8.9"
"תל-אביב, חוף","23/02/2026 20:40","82","14.3"
"ירושלים, גבעת רם","23/02/2026 20:50","88","8.4"
"ירושלים, מרכז","23/02/2026 20:50","89","8.9"
"תל-אביב, חוף","23/02/2026 20:50","82","14.3"
"ירושלים, גבעת רם","23/02/2026 21:00","88","8.4"
"ירושלים, מרכז","23/02/2026 21:00","89","8.8"
"תל-אביב, חוף","23/02/2026 21:00","81","14.4"
"ירושלים, גבעת רם","23/02/2026 21:10","89","8.5"
"ירושלים, מרכז","23/02/2026 21:10","89","9"
"תל-אביב, חוף","23/02/2026 21:10","81","14.1"
"ירושלים, גבעת רם","23/02/2026 21:20","88","8.6"
"ירושלים, מרכז","23/02/2026 21:20","89","9"
"תל-אביב, חוף","23/02/2026 21:20","83","13.9"
"ירושלים, גבעת רם","23/02/2026 21:30","88","8.6"
"ירושלים, מרכז","23/02/2026 21:30","89","8.9"
"תל-אביב, חוף","23/02/2026 21:30","84","13.8"
"ירושלים, גבעת רם","23/02/2026 21:40","88","8.6"
"ירושלים, מרכז","23/02/2026 21:40","89","9"
"תל-אביב, חוף","23/02/2026 21:40","84","13.8"
"ירושלים, גבעת רם","23/02/2026 21:50","89","8.6"
"ירושלים, מרכז","23/02/2026 21:50","89","9.1"
"תל-אביב, חוף","23/02/2026 21:50","84","13.8"
"ירושלים, גבעת רם","23/02/2026 22:00","90","8.6"
"ירושלים, מרכז","23/02/2026 22:00","89","9"
"תל-אביב, חוף","23/02/2026 22:00","84","13.7"
"ירושלים, גבעת רם","23/02/2026 22:10","90","8.4"
"ירושלים, מרכז","23/02/2026 22:10","90","9.1"
"תל-אביב, חוף","23/02/2026 22:10","84","13.4"
"ירושלים, גבעת רם","23/02/2026 22:20","91","8.3"
"ירושלים, מרכז","23/02/2026 22:20","89","9.1"
"תל-אביב, חוף","23/02/2026 22:20","85","13.5"
"ירושלים, גבעת רם","23/02/2026 22:30","92","8.2"
"ירושלים, מרכז","23/02/2026 22:30","91","9.1"
"תל-אביב, חוף","23/02/2026 22:30","85","13.7"
"ירושלים, גבעת רם","23/02/2026 22:40","92","7.9"
"ירושלים, מרכז","23/02/2026 22:40","91","8.9"
"תל-אביב, חוף","23/02/2026 22:40","85","13.8"
"ירושלים, גבעת רם","23/02/2026 22:50","93","7.7"
"ירושלים, מרכז","23/02/2026 22:50","90","8.5"
"תל-אביב, חוף","23/02/2026 22:50","86","13.5"
"ירושלים, גבעת רם","23/02/2026 23:00","92","7.2"
"ירושלים, מרכז","23/02/2026 23:00","88","8.1"
"תל-אביב, חוף","23/02/2026 23:00","88","13.3"
"ירושלים, גבעת רם","23/02/2026 23:10","92","7"
"ירושלים, מרכז","23/02/2026 23:10","86","7.9"
"תל-אביב, חוף","23/02/2026 23:10","88","12.9"
"ירושלים, גבעת רם","23/02/2026 23:20","92","7.1"
"ירושלים, מרכז","23/02/2026 23:20","87","7.9"
"תל-אביב, חוף","23/02/2026 23:20","88","12.8"
"ירושלים, גבעת רם","23/02/2026 23:30","92","7.1"
"ירושלים, מרכז","23/02/2026 23:30","89","7.9"
"תל-אביב, חוף","23/02/2026 23:30","89","12.7"
"ירושלים, גבעת רם","23/02/2026 23:40","92","7.1"
"ירושלים, מרכז","23/02/2026 23:40","90","8"
"תל-אביב, חוף","23/02/2026 23:40","89","12.6"
"ירושלים, גבעת רם","23/02/2026 23:50","93","7.1"
"ירושלים, מרכז","23/02/2026 23:50","91","7.9"
"תל-אביב, חוף","23/02/2026 23:50","89","12.6"
"ירושלים, גבעת רם","24/02/2026 00:00","94","7"
"ירושלים, מרכז","24/02/2026 00:00","92","7.8"
"תל-אביב, חוף","24/02/2026 00:00","89","12.5"
"ירושלים, גבעת רם","24/02/2026 00:10","94","7"
"ירושלים, מרכז","24/02/2026 00:10","92","7.7"
"תל-אביב, חוף","24/02/2026 00:10","89","12.5"
"ירושלים, גבעת רם","24/02/2026 00:20","94","6.9"
"ירושלים, מרכז","24/02/2026 00:20","92","7.7"
"תל-אביב, חוף","24/02/2026 00:20","89","12.5"
"ירושלים, גבעת רם","24/02/2026 00:30","94","6.9"
"ירושלים, מרכז","24/02/2026 00:30","93","7.6"
"תל-אביב, חוף","24/02/2026 00:30","89","12.5"
"ירושלים, גבעת רם","24/02/2026 00:40","94","6.8"
"ירושלים, מרכז","24/02/2026 00:40","93","7.6"
"תל-אביב, חוף","24/02/2026 00:40","89","12.5"
"ירושלים, גבעת רם","24/02/2026 00:50","94","6.8"
"ירושלים, מרכז","24/02/2026 00:50","92","7.6"
"תל-אביב, חוף","24/02/2026 00:50","89","12.6"
"ירושלים, גבעת רם","24/02/2026 01:00","94","6.8"
"ירושלים, מרכז","24/02/2026 01:00","90","7.5"
"תל-אביב, חוף","24/02/2026 01:00","89","12.6"
"ירושלים, גבעת רם","24/02/2026 01:10","94","6.7"
"ירושלים, מרכז","24/02/2026 01:10","90","7.5"
"תל-אביב, חוף","24/02/2026 01:10","90","12.7"
"ירושלים, גבעת רם","24/02/2026 01:20","94","6.8"
"ירושלים, מרכז","24/02/2026 01:20","91","7.3"
"תל-אביב, חוף","24/02/2026 01:20","90","12.7"
"ירושלים, גבעת רם","24/02/2026 01:30","94","6.8"
"ירושלים, מרכז","24/02/2026 01:30","92","7.4"
"תל-אביב, חוף","24/02/2026 01:30","90","12.8"
"ירושלים, גבעת רם","24/02/2026 01:40","94","6.8"
"ירושלים, מרכז","24/02/2026 01:40","92","7.5"
"תל-אביב, חוף","24/02/2026 01:40","90","12.8"
"ירושלים, גבעת רם","24/02/2026 01:50","93","6.6"
"ירושלים, מרכז","24/02/2026 01:50","92","7.4"
"תל-אביב, חוף","24/02/2026 01:50","90","13"
"ירושלים, גבעת רם","24/02/2026 02:00","92","6.6"
"ירושלים, מרכז","24/02/2026 02:00","92","7.3"
"תל-אביב, חוף","24/02/2026 02:00","89","13.1"
"ירושלים, גבעת רם","24/02/2026 02:10","92","6.6"
"ירושלים, מרכז","24/02/2026 02:10","90","7.3"
"תל-אביב, חוף","24/02/2026 02:10","88","13.2"
"ירושלים, גבעת רם","24/02/2026 02:20","91","6.6"
"ירושלים, מרכז","24/02/2026 02:20","88","7.4"
"תל-אביב, חוף","24/02/2026 02:20","87","13.3"
"ירושלים, גבעת רם","24/02/2026 02:30","92","6.6"
"ירושלים, מרכז","24/02/2026 02:30","89","7.4"
"תל-אביב, חוף","24/02/2026 02:30","87","13.3"
"ירושלים, גבעת רם","24/02/2026 02:40","92","6.6"
"ירושלים, מרכז","24/02/2026 02:40","91","7.2"
"תל-אביב, חוף","24/02/2026 02:40","87","13.4"
"ירושלים, גבעת רם","24/02/2026 02:50","92","6.7"
"ירושלים, מרכז","24/02/2026 02:50","91","7.3"
"תל-אביב, חוף","24/02/2026 02:50","87","13.4"
"ירושלים, גבעת רם","24/02/2026 03:00","91","6.9"
"ירושלים, מרכז","24/02/2026 03:00","91","7.3"
"תל-אביב, חוף","24/02/2026 03:00","87","13.4"
"ירושלים, גבעת רם","24/02/2026 03:10","91","7"
"ירושלים, מרכז","24/02/2026 03:10","92","7.4"
"תל-אביב, חוף","24/02/2026 03:10","87","13.4"
"ירושלים, גבעת רם","24/02/2026 03:20","91","7"
"ירושלים, מרכז","24/02/2026 03:20","92","7.4"
"תל-אביב, חוף","24/02/2026 03:20","87","13.3"
"ירושלים, גבעת רם","24/02/2026 03:30","92","6.9"
"ירושלים, מרכז","24/02/2026 03:30","92","7.5"
"תל-אביב, חוף","24/02/2026 03:30","87","13.3"
"ירושלים, גבעת רם","24/02/2026 03:40","93","6.8"
"ירושלים, מרכז","24/02/2026 03:40","93","7.4"
"תל-אביב, חוף","24/02/2026 03:40","87","13.2"
"ירושלים, גבעת רם","24/02/2026 03:50","94","6.7"
"ירושלים, מרכז","24/02/2026 03:50","94","7.3"
"תל-אביב, חוף","24/02/2026 03:50","87","13.2"
"ירושלים, גבעת רם","24/02/2026 04:00","93","6.8"
"ירושלים, מרכז","24/02/2026 04:00","93","7.2"
"תל-אביב, חוף","24/02/2026 04:00","87","13.3"
"ירושלים, גבעת רם","24/02/2026 04:10","93","6.8"
"ירושלים, מרכז","24/02/2026 04:10","93","7.2"
"תל-אביב, חוף","24/02/2026 04:10","86","13.3"
"ירושלים, גבעת רם","24/02/2026 04:20","93","6.8"
"ירושלים, מרכז","24/02/2026 04:20","93","7.3"
"תל-אביב, חוף","24/02/2026 04:20","86","13.2"
"ירושלים, גבעת רם","24/02/2026 04:30","93","6.8"
"ירושלים, מרכז","24/02/2026 04:30","93","7.3"
"תל-אביב, חוף","24/02/2026 04:30","85","13.2"
"ירושלים, גבעת רם","24/02/2026 04:40","93","6.9"
"ירושלים, מרכז","24/02/2026 04:40","92","7.5"
"תל-אביב, חוף","24/02/2026 04:40","85","13.3"
"ירושלים, גבעת רם","24/02/2026 04:50","92","6.9"
"ירושלים, מרכז","24/02/2026 04:50","92","7.6"
"תל-אביב, חוף","24/02/2026 04:50","84","13.3"
"ירושלים, גבעת רם","24/02/2026 05:00","92","7.1"
"ירושלים, מרכז","24/02/2026 05:00","91","7.7"
"תל-אביב, חוף","24/02/2026 05:00","84","13.4"
"ירושלים, גבעת רם","24/02/2026 05:10","90","7.1"
"ירושלים, מרכז","24/02/2026 05:10","91","7.7"
"תל-אביב, חוף","24/02/2026 05:10","85","13.6"
"ירושלים, גבעת רם","24/02/2026 05:20","90","7.1"
"ירושלים, מרכז","24/02/2026 05:20","90","7.6"
"תל-אביב, חוף","24/02/2026 05:20","85","13.7"
"ירושלים, גבעת רם","24/02/2026 05:30","90","7.1"
"ירושלים, מרכז","24/02/2026 05:30","90","7.6"
"תל-אביב, חוף","24/02/2026 05:30","84","13.7"
"ירושלים, גבעת רם","24/02/2026 05:40","91","7"
"ירושלים, מרכז","24/02/2026 05:40","90","7.5"
"תל-אביב, חוף","24/02/2026 05:40","83","13.8"
"ירושלים, גבעת רם","24/02/2026 05:50","91","6.9"
"ירושלים, מרכז","24/02/2026 05:50","91","7.4"
"תל-אביב, חוף","24/02/2026 05:50","82","14"
"ירושלים, גבעת רם","24/02/2026 06:00","91","6.9"
"ירושלים, מרכז","24/02/2026 06:00","92","7.4"
"תל-אביב, חוף","24/02/2026 06:00","82","14.4"
"ירושלים, גבעת רם","24/02/2026 06:10","91","7"
"ירושלים, מרכז","24/02/2026 06:10","89","7.5"
"תל-אביב, חוף","24/02/2026 06:10","80","14.5"
"ירושלים, גבעת רם","24/02/2026 06:20","88","7.5"
"ירושלים, מרכז","24/02/2026 06:20","86","8.2"
"תל-אביב, חוף","24/02/2026 06:20","79","14.7"
"ירושלים, גבעת רם","24/02/2026 06:30","83","8.1"
"ירושלים, מרכז","24/02/2026 06:30","84","8.9"
"תל-אביב, חוף","24/02/2026 06:30","77","14.9"
"ירושלים, גבעת רם","24/02/2026 06:40","81","8.6"
"ירושלים, מרכז","24/02/2026 06:40","81","9.4"
"תל-אביב, חוף","24/02/2026 06:40","76","15.3"
"ירושלים, גבעת רם","24/02/2026 06:50","79","8.9"
"ירושלים, מרכז","24/02/2026 06:50","81","9.8"
"תל-אביב, חוף","24/02/2026 06:50","75","15.7"
"ירושלים, גבעת רם","24/02/2026 07:00","78","9.2"
"ירושלים, מרכז","24/02/2026 07:00","77","10.3"
"תל-אביב, חוף","24/02/2026 07:00","76","15.9"
"ירושלים, גבעת רם","24/02/2026 07:10","78","9.4"
"ירושלים, מרכז","24/02/2026 07:10","75","10.5"
"תל-אביב, חוף","24/02/2026 07:10","75","15.9"
"ירושלים, גבעת רם","24/02/2026 07:20","78","9.8"
"ירושלים, מרכז","24/02/2026 07:20","75","10.6"
"תל-אביב, חוף","24/02/2026 07:20","77","15.8"
"ירושלים, גבעת רם","24/02/2026 07:30","78","10.1"
"ירושלים, מרכז","24/02/2026 07:30","75","11"
"תל-אביב, חוף","24/02/2026 07:30","77","15.9"
"ירושלים, גבעת רם","24/02/2026 07:40","78","10.1"
"ירושלים, מרכז","24/02/2026 07:40","75","11.1"
"תל-אביב, חוף","24/02/2026 07:40","77","16.4"
"ירושלים, גבעת רם","24/02/2026 07:50","79","10.2"
"ירושלים, מרכז","24/02/2026 07:50","76","10.9"
"תל-אביב, חוף","24/02/2026 07:50","74","16.8"
"ירושלים, גבעת רם","24/02/2026 08:00","78","10.3"
"ירושלים, מרכז","24/02/2026 08:00","76","11.1"
"תל-אביב, חוף","24/02/2026 08:00","72","16.6"
"ירושלים, גבעת רם","24/02/2026 08:10","77","10.3"
"ירושלים, מרכז","24/02/2026 08:10","75","11.5"
"תל-אביב, חוף","24/02/2026 08:10","69","17"
"ירושלים, גבעת רם","24/02/2026 08:20","78","10.5"
"ירושלים, מרכז","24/02/2026 08:20","72","11.9"
"תל-אביב, חוף","24/02/2026 08:20","68","17.4"
"ירושלים, גבעת רם","24/02/2026 08:30","76","10.5"
"ירושלים, מרכז","24/02/2026 08:30","72","12.2"
"תל-אביב, חוף","24/02/2026 08:30","68","17.4"
"ירושלים, גבעת רם","24/02/2026 08:40","75","10.7"
"ירושלים, מרכז","24/02/2026 08:40","71","11.9"
"תל-אביב, חוף","24/02/2026 08:40","68","17.8"
"ירושלים, גבעת רם","24/02/2026 08:50","74","10.8"
"ירושלים, מרכז","24/02/2026 08:50","70","12.1"
"תל-אביב, חוף","24/02/2026 08:50","66","17.8"
"ירושלים, גבעת רם","24/02/2026 09:00","77","10.5"
"ירושלים, מרכז","24/02/2026 09:00","71","12.2"
"תל-אביב, חוף","24/02/2026 09:00","65","17.8"
"ירושלים, גבעת רם","24/02/2026 09:10","84","9.8"
"ירושלים, מרכז","24/02/2026 09:10","78","11.3"
"תל-אביב, חוף","24/02/2026 09:10","64","17.9"
"ירושלים, גבעת רם","24/02/2026 09:20","83","9.9"
"ירושלים, מרכז","24/02/2026 09:20","80","10.8"
"תל-אביב, חוף","24/02/2026 09:20","63","18.2"
"ירושלים, גבעת רם","24/02/2026 09:30","79","10.6"
"ירושלים, מרכז","24/02/2026 09:30","76","11.3"
"תל-אביב, חוף","24/02/2026 09:30","62","18"
"ירושלים, גבעת רם","24/02/2026 09:40","72","10.9"
"ירושלים, מרכז","24/02/2026 09:40","71","11.5"
"תל-אביב, חוף","24/02/2026 09:40","61","18.2"
"ירושלים, גבעת רם","24/02/2026 09:50","71","11"
"ירושלים, מרכז","24/02/2026 09:50","68","11.7"
"תל-אביב, חוף","24/02/2026 09:50","62","18.3"
"ירושלים, גבעת רם","24/02/2026 10:00","74","11"
"ירושלים, מרכז","24/02/2026 10:00","70","12"
"תל-אביב, חוף","24/02/2026 10:00","64","18.5"
"ירושלים, גבעת רם","24/02/2026 10:10","75","10.8"
"ירושלים, מרכז","24/02/2026 10:10","71","12.1"
"תל-אביב, חוף","24/02/2026 10:10","67","18.4"
"ירושלים, גבעת רם","24/02/2026 10:20","70","11.1"
"ירושלים, מרכז","24/02/2026 10:20","66","12.3"
"תל-אביב, חוף","24/02/2026 10:20","67","18.5"
"ירושלים, גבעת רם","24/02/2026 10:30","71","11.3"
"ירושלים, מרכז","24/02/2026 10:30","65","12.4"
"תל-אביב, חוף","24/02/2026 10:30","64","19"
"ירושלים, גבעת רם","24/02/2026 10:40","70","11.6"
"ירושלים, מרכז","24/02/2026 10:40","66","12.4"
"תל-אביב, חוף","24/02/2026 10:40","63","19.2"
"ירושלים, גבעת רם","24/02/2026 10:50","69","11.7"
"ירושלים, מרכז","24/02/2026 10:50","68","12.5"
"תל-אביב, חוף","24/02/2026 10:50","64","19.1"
"ירושלים, גבעת רם","24/02/2026 11:00","72","11.2"
"ירושלים, מרכז","24/02/2026 11:00","69","12.2"
"תל-אביב, חוף","24/02/2026 11:00","65","19.1"
"ירושלים, גבעת רם","24/02/2026 11:10","74","10.7"
"ירושלים, מרכז","24/02/2026 11:10","75","11.6"
"תל-אביב, חוף","24/02/2026 11:10","61","19.4"
"ירושלים, גבעת רם","24/02/2026 11:20","71","11.4"
"ירושלים, מרכז","24/02/2026 11:20","71","12.1"
"תל-אביב, חוף","24/02/2026 11:20","61","19.6"
"ירושלים, גבעת רם","24/02/2026 11:30","72","11.4"
"ירושלים, מרכז","24/02/2026 11:30","69","12.2"
"תל-אביב, חוף","24/02/2026 11:30","64","19.9"
"ירושלים, גבעת רם","24/02/2026 11:40","72","11.4"
"ירושלים, מרכז","24/02/2026 11:40","67","12.5"
"תל-אביב, חוף","24/02/2026 11:40","67","18.9"
"ירושלים, גבעת רם","24/02/2026 11:50","70","11.7"
"ירושלים, מרכז","24/02/2026 11:50","67","12.3"
"תל-אביב, חוף","24/02/2026 11:50","74","16.5"
"ירושלים, גבעת רם","24/02/2026 12:00","69","11.8"
"ירושלים, מרכז","24/02/2026 12:00","67","12.4"
"תל-אביב, חוף","24/02/2026 12:00","78","16.6"
"ירושלים, גבעת רם","24/02/2026 12:10","69","12"
"ירושלים, מרכז","24/02/2026 12:10","67","12.4"
"תל-אביב, חוף","24/02/2026 12:10","79","16.9"
"ירושלים, גבעת רם","24/02/2026 12:20","71","11.7"
"ירושלים, מרכז","24/02/2026 12:20","70","12.5"
"תל-אביב, חוף","24/02/2026 12:20","77","17"
"ירושלים, גבעת רם","24/02/2026 12:30","70","11.7"
"ירושלים, מרכז","24/02/2026 12:30","69","12.7"
"תל-אביב, חוף","24/02/2026 12:30","76","17.1"
"ירושלים, גבעת רם","24/02/2026 12:40","68","11.8"
"ירושלים, מרכז","24/02/2026 12:40","68","12.8"
"תל-אביב, חוף","24/02/2026 12:40","74","17.3"
"ירושלים, גבעת רם","24/02/2026 12:50","69","11.8"
"ירושלים, מרכז","24/02/2026 12:50","68","12.5"
"תל-אביב, חוף","24/02/2026 12:50","72","17.7"
"ירושלים, גבעת רם","24/02/2026 13:00","68","11.7"
"ירושלים, מרכז","24/02/2026 13:00","66","12.6"
"תל-אביב, חוף","24/02/2026 13:00","70","17.6"
"ירושלים, גבעת רם","24/02/2026 13:10","68","11.6"
"ירושלים, מרכז","24/02/2026 13:10","64","12.8"
"תל-אביב, חוף","24/02/2026 13:10","70","17.8"
"ירושלים, גבעת רם","24/02/2026 13:20","72","11.3"
"ירושלים, מרכז","24/02/2026 13:20","68","12.3"
"תל-אביב, חוף","24/02/2026 13:20","70","18"
"ירושלים, גבעת רם","24/02/2026 13:30","75","11.2"
"ירושלים, מרכז","24/02/2026 13:30","74","11.8"
"תל-אביב, חוף","24/02/2026 13:30","69","18.1"
"ירושלים, גבעת רם","24/02/2026 13:40","77","10.7"
"ירושלים, מרכז","24/02/2026 13:40","76","11.7"
"תל-אביב, חוף","24/02/2026 13:40","69","18.1"
"ירושלים, גבעת רם","24/02/2026 13:50","87","10.1"
"ירושלים, מרכז","24/02/2026 13:50","83","11.3"
"תל-אביב, חוף","24/02/2026 13:50","69","18.1"